[
  {
    "email": "lastdayoflife01@gmail.com",
    "password": "9703294437",
    "name": "Athar",
    "created_at": "2025-07-09T15:38:59.212997",
    "chat_id": 6677348093
  },
  {
    "email": "mohdatharsadiq2@gmail.com",
    "password": "9703294433",
    "name": "Riyaz",
    "chat_id": null,
    "created_at": "2025-07-09T23:10:01.796114"
  },
  {
    "email": "user776@gmail.com",
    "password": "9703294431",
    "name": "Adeeba",
    "chat_id": null,
    "created_at": "2025-07-09T23:10:01.796558"
  }
]